"1","2.33855","48.8843","Abbesses","b2651d85aebae593"
"2","2.41896","48.72548","Ablon","b614a2b951cc0ddc"
"3","2.0925","48.95519","Acheres Grand Cormier","2050c2357cb59318"
"4","2.07759","48.97015","Acheres Ville","936b5ec4ee585ede"
"5","2.56322","49.01063","Aeroport Charles de Gaulle-1","8b691b7faf40eb63"
"6","2.5662","49.00372","Aeroport Charles de Gaulle-2","c535ab97b4d9c2a5"
"7","2.32652","48.82825","Alesia","14b63a619b9b0425"
"8","2.39581","48.85466","Alexandre Dumas","401592c920d787db"
"9","2.30155","48.86462","Alma Marceau","6946bf5144772670"
"10","2.28491","48.89224","Anatole France","8b6d765aeab971bb"
"11","2.30076","48.7548","Antony","a8cd113b11645bca"
"12","2.34423","48.88289","Anvers","beb6baeb457aa309"
"13","2.32796","48.79843","Arcueil Cachan","84e2ab25cd687f0d"
"14","2.29011","48.87537","Argentine","5331bedd4329b32e"
"15","2.24066","48.58605","Arpajon","f291cca6dc0dcacb"
"16","2.35613","48.86548","Arts et Metiers","a2d7d70fb1e549ef"
"17","2.28668","48.93178","Asnieres Gennevilliers Les Courtilles","cdb2e5537c9432bf"
"18","2.32078","48.86135","Assemblee Nationale","2b8ebf3460e7d587"
"19","2.40332","48.71245","Athis Mons","30f88c9846fdd0e9"
"20","2.32971","48.87261","Auber","7d9aa2dc317dfac5"
"21","2.39248","48.90392","Aubervilliers Pantin Quatre chemins","6b05259b35bf9905"
"22","2.45881","48.9072","Auguste Delaune","04056cc66eeaef6a"
"23","2.49305","48.93209","Aulnay sous Bois","109821aeec4643f1"
"24","2.27995","48.85319","Av du Pdt Kennedy","93ced27b9641fabc"
"25","2.29569","48.84707","Avenue Emile Zola","4b980c9f25477f4a"
"26","2.27528","48.87059","Avenue Foch","5aa024fe843852ec"
"27","2.272","48.8643","Avenue Henri Martin","04b23fbe209c88c9"
"28","2.3983","48.85136","Avron","1ef1a0b8692bee83"
"29","2.32133","48.79329","Bagneux","690243e4a3cc808c"
"30","2.2785","48.83685","Balard","d50a2061061ef6b5"
"31","2.37122","48.53221","Ballancourt","78d41ade359f4742"
"32","2.35041","48.88382","Barbes Rochechouart","9b755f95ac3dd063"
"33","2.36131","48.93811","Basilique St Denis","5aed8e84a4cafaea"
"34","2.369","48.85312","Bastille","b31cc180eb21f511"
"35","2.40091","48.84133","Bel Air","b045dfca3c442205"
"36","2.37691","48.87239","Belleville","4334e76c8fa548ba"
"37","2.22601","48.87619","Belvedere","efba35b183eff80d"
"38","2.42821","48.84552","Berault","c47aad6b90d52e09"
"39","2.38012","48.84036","Bercy","a20de12137850b6f"
"40","2.37678","48.82973","Bibliotheque Francois Mitterrand","2d266cf076fb8acc"
"41","2.21555","48.75127","Bievres","4b63f29a180cf0f5"
"42","2.23864","48.83232","Billancourt","695b889b0dd191f8"
"43","2.28948","48.85384","Bir Hakeim","0aa4a5f345e4e099"
"44","2.33372","48.88354","Blanche","e6e4acf75cc2807f"
"45","2.44936","48.90719","Bobigny Pablo Picasso","cbba84311919041a"
"46","2.42581","48.89553","Bobigny Pantin Raymond Queneau","970cb1bcb0a469d7"
"47","2.37899","48.34216","Boigneville","1b683f13ec678507"
"48","2.29011","48.86687","Boissiere","cfc47d20d2a54c58"
"49","2.50475","48.75279","Boissy St Leger","4807ee1847b78dfb"
"50","2.37492","48.88052","Bolivar","e94da6ca7ab3551e"
"51","2.47858","48.89419","Bondy","4ac145a640dc0ca2"
"52","2.34887","48.87067","Bonne Nouvelle","511f6cb2effdfa98"
"53","2.38906","48.87956","Botzaris","d792b163ad0d215b"
"54","2.27515","48.85645","Boulainvilliers","1d9b6b848bde7438"
"55","2.27067","48.83955","Boulevard Victor","5ffb90c8115b2de8"
"56","2.23878","48.84199","Boulogne Jean Jaures","8a0ecb2c23d5c82e"
"57","2.22804","48.84051","Boulogne Pont de St Cloud","496492c8c22f0840"
"58","2.29046","48.53343","Bouray","7beeb2b920baae68"
"59","2.28779","48.84112","Bourcicaut","ed1ca2175b7d0918"
"60","2.31215","48.78003","Bourg la Reine","33557bc48b2fe84d"
"61","2.34137","48.86888","Bourse","f094c0a69ec716e5"
"62","2.53306","48.68092","Boussy St Antoine","ac27c8336f344e47"
"63","2.3762","48.43467","Boutigny","5540effe64f7ee15"
"64","2.30198","48.82844","Brancion","8a6511a5cd6180ac"
"65","2.37055","48.85671","Breguet Sabin","aa3e74622fbb23d1"
"66","2.30192","48.60664","Bretigny sur Orge","86d1e9af8a0721dc"
"67","2.17123","48.56475","Breuillet Village","8ddaad0eada182ca"
"68","2.19169","48.5773","Breullet Bruyeres le chatel","b3df3d53ed4e3e72"
"69","2.52526","48.84561","Brie sur Marne","748e4e8d0d268dbd"
"70","2.23152","48.82214","Brimborion","5034151848c6616f"
"71","2.3202","48.89065","Brochant","050c2639bf8933d1"
"72","2.50705","48.69885","Brunoy","e8120fe3e50dfcf2"
"73","2.38725","48.37095","Buno Gironville","544e64f9e8ffe079"
"74","2.16349","48.69582","Bures sur Yvette","ed87512e3e7ddd28"
"75","2.71002","48.83659","Bussy St Georges","7cabf930f46e93fd"
"76","2.38178","48.87853","Buttes Chaumont","cdde43dad5c57107"
"77","2.40134","48.85178","Buzenval","cd12320e7e05ae9e"
"78","2.34341","48.87591","Cadet","d79b2188275224d8"
"79","2.3028","48.84753","Cambrone","4417b710bccf5df6"
"80","2.35859","48.83568","Campo Formio","a92762340bffda98"
"81","2.35157","48.84664","Cardinal Lemoine","3ec191aa6534816f"
"82","2.34303","48.91948","Carrefour Pleyel","1d4a3b1aa716eeb7"
"83","2.35178","48.84061","Censier Daubenton","6855c139ae3feaba"
"84","2.012","49.04856","Cergy le Haut","2c55c6e6f84ba629"
"85","2.08028","49.03604","Cergy Prefecture","405c2de0582c422e"
"86","2.03492","49.04954","Cergy St Christophe","ffecaefab639302f"
"87","2.2568","48.98526","Cernay","0899f144bc588aa5"
"88","2.59436","48.56541","Cesson","9a4d4faf01247b1b"
"89","2.21257","48.51183","Chamarande","3566311dc1f7d39f"
"90","2.50987","48.80698","Champigny","cfa376e9f205dca1"
"91","2.28915","48.855","Champs de Mars Tour Eiffel","3b4fe544d9bbc67d"
"92","2.31355","48.86752","Champs Elysees Clemenceau","9c68e74ac18d73c8"
"93","2.26625","48.84523","Chardon Lagache","fb857a10c028a057"
"94","2.41378","48.82156","Charenton Ecoles","271bb14de347725a"
"95","2.29458","48.87397","Charles de Gaulle Etoile","7c01d3c7bf4f92fc"
"96","2.28578","48.84659","Charles michels","a4e882ca1a9e479d"
"97","2.38464","48.85513","Charonne","339ab6cc020e1387"
"98","2.35592","48.8725","Chateau d'Eau","e212a948354c5625"
"99","2.44028","48.8443","Chateau de Vincennes","7f287eb07b7c20fc"
"100","2.36243","48.87848","Chateau Landon","aaf398d938f2c211"
"101","2.34943","48.88715","Chateau Rouge","28303451a64e2286"
"102","2.34722","48.85877","Chatelet","037e945c463fb609"
"103","2.34662","48.86157","Chatelet Les Halles","82a470c1390cecb8"
"104","2.30139","48.81039","Chatillon Montrouge","f04b407d37627956"
"105","2.15564","48.88515","Chatou Croissy","dab1aa4b79f30cc7"
"106","2.33323","48.87295","Chaussee d'Antin La Fayette","664410c140341a23"
"107","2.18417","48.79961","Chaville Velisy","bdeaf902a900ddaf"
"108","2.58222","48.87419","Chelles Gournay","b63e4269de7ed4bd"
"109","2.31275","48.74788","Chemin d'Antony","800e556c96cbeebd"
"110","2.36794","48.85765","Chemin vert","e29076e348fb96a5"
"111","2.36796","48.83497","Chevaleret","af49ad13bb7ec583"
"112","2.30644","48.70102","Chilly Mazarin","f2eec8b48ec19a18"
"113","2.41116","48.76385","Choisy le Roy","cffa187f2c51be16"
"114","2.36371","48.93632","Cimetiere St Denis","e251786263b8e326"
"115","2.3462","48.85578","Cite","6f9e04c43332fd49"
"116","2.33883","48.82042","Cite Universitaire","7662f5259942056b"
"117","2.34337","48.83118","Classiere","5ace5540367cfabc"
"118","2.34457","48.85108","Cluny.La Sorbonne","78fb3993da463397"
"119","2.36994","48.87824","Colonnel Fabien","7c2f32278f770b04"
"120","2.54747","48.6678","Combs la Ville Quincy","b763d8687efd1276"
"121","2.29367","48.84469","Commerce","b9738d67b89dfc78"
"122","2.32111","48.86549","Concorde","edb002c37e545034"
"123","2.07366","48.99076","Conflans Fin d'Oise","b58503f45aa4f0e7"
"124","2.29639","48.83723","Convention","d75cfdac13e7001d"
"125","2.47364","48.61429","Corbeil Essonnes","027a1e116c9fac48"
"126","2.38235","48.89474","Corentin Cariou","ad37e433b75f19d2"
"127","2.27898","48.82682","Corentin Celton","82931a0122b2c38d"
"128","2.35049","48.82989","Corvisart","ea3ac160166c6c3a"
"129","2.37814","48.93173","Cosmonautes","164639a0bf06a89f"
"130","2.38019","48.86932","Coucouronnes","aac50116ff5bf86e"
"131","2.30329","48.87934","Courcelles","f27ce64ff3c6b9f7"
"132","2.09886","48.70088","Courcelle sur Yvette","9b152fce63e90d3d"
"133","2.38717","48.83338","Cour Saint Emillion","44c0868faa9d4710"
"134","2.44939","48.79655","Creteil l'Echat","6c71dfdf141b8ace"
"135","2.45932","48.7798","Creteil Prefecture","3a6b85d32dd06620"
"136","2.4506","48.78985","Creteil Universite","6a2e832267eeed7a"
"137","2.37722","48.89141","Crimee","cb4f1860400263ec"
"138","2.43578","48.85808","Croix de Chavaux","de336a65934840b4"
"139","2.40661","48.92271","Danton","b47c58ddbeb5774d"
"140","2.39329","48.88185","Danube","8b927bf65f6b7f62"
"141","2.3958","48.83967","Daumesnil","8ae309013944a445"
"142","2.2374","48.89253","Defense","4b088aaa68446b6e"
"143","2.33262","48.83393","Denfert Rochereau","012436d45ce11957"
"144","2.2835","48.83459","Desnouettes","458cc03434057047"
"145","2.31301","48.82592","Didot","7226759d2e91f9f5"
"146","2.00903","48.53378","Dourdan","7bc9d3cea4752e47"
"147","1.9951","48.53565","Dourdan la foret","2cc24499b9a3b7c6"
"148","2.4544","48.9327","Drancy","12bf5c818b897aea"
"149","2.41771","48.91779","Drancy Avenir","e2d8b71bf525a046"
"150","2.39024","48.83891","Dugommier","244fd502b4ee214d"
"151","2.29355","48.85045","Dupleix","8dfb8f0c496a1c0d"
"152","2.31648","48.8468","Duroc","abddbe71d08ff5e7"
"153","2.30549","48.85448","Ecole Militaire","21f80aa9ddcca014"
"154","2.42174","48.81513","Ecole Veterinaire Maisons Alfort","f1e4a06b542b2edc"
"155","2.32682","48.84044","Edgar Quinet","1e09e29c9b66ddbd"
"156","2.26999","48.84797","Eglise d'Auteuil","a1e7ebc03587e8e6"
"157","2.41292","48.89365","Eglise de Pantin","1c91a7af7247b14e"
"158","2.22209","48.58241","Egly","79251790c3af642a"
"159","2.61757","48.80636","Emerainville Pontault Combault","dd9f889cd6becaf2"
"160","2.33196","48.66944","Epinay sur Orge","2f16fef6d4660d42"
"161","2.3022","48.95371","Epinay sur Seine","27c8dfd80b5d710e"
"162","2.27141","48.98058","Ermont Eaubonne","fe90ec9eb7e1fc42"
"163","2.43547","48.9127","Escadrille Normandie Niemen","fd88265065d00a98"
"164","2.24995","48.88837","Esplanade de La Defense","b58ae540ea5a8d65"
"165","2.15892","48.43689","Etampes","2751b073d7a61af7"
"166","2.34914","48.86392","Etienne Marcel","d576680068cdefe1"
"167","2.29501","48.87394","Etoile Charles de Gaulle","b98d9e696fa79b42"
"168","2.20087","48.50016","Etrechy","2a7780ecf9fc43ba"
"169","2.32238","48.87878","Europe","912d59cdf1d3f551"
"170","2.45219","48.63457","Evry","d2530831c53e0a3f"
"171","2.42896","48.62579","Evry Courcouronnnnes","afec0c3fa2c76adb"
"172","2.25955","48.84244","Exelmans","1a1692328348ff41"
"173","2.38351","48.85013","Faidherbe Chaligny","60907cb56bfd2582"
"174","2.31761","48.84443","Falguiere","67ab205c13539021"
"175","2.29171","48.84277","Felix Faure","863e8d8247fb7487"
"176","2.3666","48.86307","Filles du Calvaire","71e33c6d4b85a7ed"
"177","2.2958","48.74303","Fontaine Michalon","4a4acdbdefb6733e"
"178","2.29317","48.78746","Fontenay aux Roses","4f32e4620159ee20"
"179","2.46471","48.84335","Fontenay sous Bois","69f756b9b2d88a6b"
"180","2.40411","48.91459","Fort d'Aubervilliers","5301e6fbbc8b5999"
"181","2.23502","48.99345","Franconville Le Plessis Bouchard","6874a667a54e24ab"
"182","2.30982","48.86881","Franklin Roosevelt","a87b2ffeb02d8763"
"183","2.29439","48.91658","Gabriel Peri","b11923b6cb4bebe4"
"184","2.5269","48.88318","Gagny","61937021b50087ea"
"185","2.32254","48.83883","Gaite","eb916bee8fb67c9b"
"186","2.41581","48.86317","Gallieni","2f4998a40b53342c"
"187","2.39844","48.86497","Gambetta","647e536aa87396cf"
"188","2.36461","48.84272","Gare d'Austerlitz","dbf1ed6713c71910"
"189","2.3585","48.87632","Gare de l'Est","2e6807049a42d791"
"190","2.37376","48.84468","Gare de Lyon","4d633bfbbc3641a3"
"191","2.35487","48.88061","Gare du Nord","f6152f90bcaa8947"
"192","2.3903","48.97666","Garges Sarcelles","a9c3ba41918afc56"
"193","2.33191","48.90645","Garibaldi","dcaec03c65c75437"
"194","2.43131","48.91409","Gaston Roulaud","18dcd3ad1f169509"
"195","2.30757","48.93348","Gennevilliers","650960c5c04ba4c5"
"196","2.34082","48.81572","Gentilly","5a681784c5682e99"
"197","2.29499","48.82994","Georges Brassens","8c3734f46b9670fd"
"198","2.30057","48.87203","George V","b4ed08a4f41c2eb0"
"199","2.13676","48.69811","Gif sur Yvette","0f7ed8cd6ffcff84"
"200","2.37092","48.87005","Goncourt","4ba2d0ebd38f1e07"
"201","2.46347","49.02386","Goussainville","6e301c263c7e0ef7"
"202","2.43603","48.64802","Grand Bourg","04921191526cea26"
"203","2.3434","48.87155","Grands Boulevards","fb6ed5044d051583"
"204","2.31789","48.68534","Gravigny Balizy","db494345eb464090"
"205","2.72863","48.74532","Gretz Armainvilliers","9bc0eb28f7ac9548"
"206","2.39575","48.65328","Grigny Centre","887f8d0fb5469099"
"207","2.32726","48.89282","Guy Moquet","6e7a8d4f2f4d573d"
"208","2.32902","48.87516","Haussmann St Lazare","1cce3408a0428aa5"
"209","2.32872","48.87357","Havre Caumartin","7f5ad80bb71b2d1e"
"210","2.40276","48.89139","Hoche","26f1346678bce616"
"211","2.42504","48.91584","Hopital avicenne","f0a84e83da51e727"
"212","2.37126","48.93354","Hopital Delafontaine","bcd515ac6c831769"
"213","2.35161","48.85755","Hotel de Ville","edfd3e4fc61f9706"
"214","2.44379","48.90668","Hotel de ville de Bobigny","6a8b7f15627e8b88"
"215","2.39223","48.92746","Hotel de ville de La Courneuve","f0975308d74a5fb7"
"216","2.18456","48.92067","Houilles Carrieres sur Seine","43056aaa9fd0c2a5"
"217","2.29388","48.86484","Iena","0057e733c08b6556"
"218","2.23093","48.74014","Igny","7ededd61a6df5803"
"219","2.31329","48.86297","Invalides","2954b756e5b113ac"
"220","2.25876","48.81974","Issy","37da98463b426590"
"221","2.26293","48.82946","Issy Val de Seine","1be7b58cfc91b2c2"
"222","2.39125","48.81436","Ivry sur Seine","005a35e289913600"
"223","2.36051","48.87114","Jacques Bonsergent","30ac708a0829df4a"
"224","2.25831","48.82311","Jacques Henri Lartigue","35212fd6c07eccfe"
"225","2.26804","48.85247","Jasmin","55e9e79e7c7273e7"
"226","2.37066","48.88295","Jaures","75c2c072dcddcb34"
"227","2.27695","48.84638","Javel","7daecc04dd9f09ef"
"228","2.27861","48.84639","Javel Andre Citroen","4b81a9df416f7bb1"
"229","2.31961","48.82454","Jean Moulin","55f1e32c53eebb2b"
"230","2.46386","48.82106","Joinville le Pont","b39a4ffaaa9de00c"
"231","2.38951","48.8753","Jourdain","5993ebb0a0661f08"
"232","2.16316","48.76475","Jouy en josas","2119a72aa13505e8"
"233","2.34444","48.89242","Jules Joffrin","68fc48d628e02cc0"
"234","2.35466","48.84599","Jussieu","e02e7ea0d8e0c109"
"235","2.38276","48.68981","Juvisy sur Orge","e19eeb5bea981bf8"
"236","2.29335","48.87149","Kleber","32a27ca24c87a9f1"
"237","2.49004","49.13876","La Borne Blanche","9341b0321d362461"
"238","2.36041","48.88442","La Chapelle","ee721318121c662a"
"239","2.38453","48.93012","La Courneuve 6 Routes","e2fad593a815ee5d"
"240","2.41076","48.92074","La Courneuve 8 Mai 1945","7b7dc76becd5ad64"
"241","2.38454","48.92409","La Courneuve Aubervilliers","370585bf78a77a52"
"242","2.30457","48.76214","La Croix Berny","4fe9af7909fde0b8"
"243","2.23684","48.89252","La Defense","5fa39a733b79d606"
"244","2.4373","48.90984","La Ferme","af31e5beeb2b1465"
"245","2.35187","48.48486","La ferte Alais","e2286d9fe81fb6ad"
"246","2.3256","48.88749","La Fourche","d33e33a26b96cd1f"
"247","2.15262","48.695","La Hacquiniere","f2644300ece20a86"
"248","2.33885","48.88971","Lamarck Caulaincourt","c1251fc9652a852e"
"249","2.6243","48.53968","La Mee sur Seine","740c8cd692d2bbe4"
"250","2.29825","48.84906","La Motte Picquet Grenelle","9ccc1fd66436dde5"
"251","2.27438","48.85795","La Muette","2f6ac6eec96deb1d"
"252","2.26739","48.59165","La Norville St Germain Les Arpajon","bf2e71c73c6108bf"
"253","2.33331","48.80758","Laplace","4e88ad73603d94c7"
"254","2.36164","48.9175","La Plaine Stade de France","417448c31d672de1"
"255","2.24964","48.51885","Lardy","dbfb418bc22bedc2"
"256","2.31053","48.85768","La Tour Maubourg","381c7f7cde1d0307"
"257","2.37937","48.88534","Laumiere","f8c3e9aca0d9d317"
"258","2.51297","48.79496","La Varenne Chevrieres","1e6ba2f62b39d8ec"
"259","2.47675","48.93222","Le Blanc Mesnil","52c3351f4e623c1d"
"260","2.42576","48.93073","Le Bourget","f394cadc11ffbc08"
"261","2.45062","48.62331","Le Bras de Fer","d38882c219da5ee4"
"262","2.55306","48.87735","Le Chenay Gagny","81ca8a05dfaa7f37"
"263","2.3761","48.85128","Ledru Rollin","fd0c016da659e226"
"264","2.19162","48.70482","Le Guichet","768eb5e48aef7c91"
"265","2.3617","48.81057","Le Kremlin Bicetre","8f079a5ef63b7f18"
"266","2.48584","48.80508","Le Parc de St Maur","2a16a667586e9392"
"267","2.34043","48.87497","Le Peletier","872b8434efe96618"
"268","2.51202","48.88924","Le Raincy Villemomble Montfermeil","3ffe3e662bbbb33a"
"269","2.28618","48.92311","Les Agnettes","1f83b63911a601e0"
"270","2.40955","48.78273","Les Ardoines","9b73054382ee69cf"
"271","2.28756","48.73961","Les Baconnets","a500cc38cff3d86b"
"272","2.51104","48.82491","Les Boullereaux Champigny","3e736a91b6a4512d"
"273","2.22044","48.85692","Les Coteaux","16a96b82b4e78c9a"
"274","2.35177","48.83701","Les Gobelins","29a00a5524bd0e68"
"275","2.31417","48.92019","Les Gresillions","81b58671d6b8efbe"
"276","2.34605","48.86258","Les Halles","8456ba7c4ad296c1"
"277","2.22115","48.84986","Les Milons","b7c6f78e37535aa1"
"278","2.25107","48.82139","Les Moulineaux","1b97db4ac7e62492"
"279","2.47652","49.0323","Les Noux","1af6a0d1b45fea67"
"280","2.2716","48.88141","Les Sablons","d583c39746c339c2"
"281","2.41761","48.74539","Les Saules","103ca14058d83d3d"
"282","2.57957","48.82328","Les Yvris Noisy le Grand","4260434e332c66d3"
"283","2.43223","48.78846","Le Vert de Maisons","54e8295380ceb55e"
"284","2.13452","48.89012","Le Vesinet Centre","dd0a65b416e95af2"
"285","2.12182","48.89827","Le Vesinet Le Pecq","f696b8128238e64e"
"286","2.43864","48.90691","Liberation","a6e89bf747a6fb56"
"287","2.4073","48.82573","Liberte","577db173c88664ec"
"288","2.32698","48.87968","Liege","344ee57ba7a4d4b4"
"289","2.56945","48.62836","Lieusaint Moissy","681bb932212370a7"
"290","2.63413","48.839","Lognes","161a37dfaa86644a"
"291","2.29427","48.70223","Longjumeau","d3082cf6e166b0c8"
"292","2.36517","48.88123","Louis Blanc","679d9dd4df482152"
"293","2.28807","48.8893","Louise Michel","ad46f8d7ddb3833d"
"294","2.28172","48.83862","Lourmel","401d78cf275be440"
"295","2.34072","48.8609","Louvre Rivoli","d0b6350c0a40a6b8"
"296","2.50197","49.04935","Louvres","2d89b61587dcf2f8"
"297","2.21158","48.70605","Lozere","e64262fdb05058b6"
"298","2.34037","48.84671","Luxembourg","06630c890abadde9"
"299","2.33543","48.85297","Mabillon","ff8ce6d0da960895"
"300","2.32446","48.86978","Madeleine","f08fcde009a56971"
"301","2.35826","48.88016","Magenta","b91cc2c1416fcca9"
"302","2.30553","48.90394","Mairie de Clichy","ed82849e9523efe2"
"303","2.442","48.86226","Mairie de Montreuil","62b50593139b9c7a"
"304","2.41628","48.87985","Mairie des Lilas","e4e73c6909f3c5f7"
"305","2.33384","48.91204","Mairie de St Ouen","c27c659cc08ea83c"
"306","2.27317","48.82427","Mairie d'Issy","6b3733575f085663"
"307","2.38338","48.81116","Mairie d'Ivry","9ff42d06e83de7fe"
"308","2.35853","48.82217","Maison Blanche","1f00ce34ede68a37"
"309","2.42664","48.80178","Maisons Alfort Alfortville","38705ebe436e7d03"
"310","2.44621","48.80257","Maisons Alfort Les Juilliottes","f6638071ddb16b69"
"311","2.43616","48.80822","Maisons Alfort Stade","c38080d0406477e0"
"312","2.14419","48.9461","Maisons Laffitte","da8eaf91c00a4d8d"
"313","2.39337","48.39369","Maisse","5e8f3fb320a898b5"
"314","2.29833","48.82305","Malakoff Plateau de Vanves","2a344a4d208cd679"
"315","2.29675","48.81522","Malakoff Rue Etienne Dolet","6e32d6eca38feac7"
"316","2.31094","48.88248","Malesherbes","b13353903b1c4406"
"317","2.405833","48.296111","Malesherbes (Loiret)","dfbcb0a686a695da"
"318","2.40629","48.8528","Maraichers","003b5b1636e22739"
"319","2.34939","48.89143","Marcadet Poissonniers","655a725d926c4e47"
"320","2.24358","48.83369","Marcel Sembat","0242ff5604ac8443"
"321","2.35567","48.93878","Marche St Denis","b27b5af05c02f6d0"
"322","2.7822","48.86819","Marne la Vallee Chessy","917b16e90ca48750"
"323","2.28968","48.57476","Marrolles en Hurepoix","378aa9824d7e9d46"
"324","2.3598","48.89022","Marx Dormoy","5ab0b5914f2d3065"
"325","2.25842","48.72469","Massy Palaiseau","a4474d173f36ba72"
"326","2.27326","48.7347","Massy Verrieres","410326570fe505b5"
"327","2.34796","48.85026","Maubert Mutualite","c0f5e2c6052f6993"
"328","2.41405","48.91935","Maurice Lachatre","3b94d31574ebf4f7"
"329","2.38363","48.8663","Melilmontant","c7f712543c14f5ef"
"330","2.65502","48.52736","Melun","b661a32d8453a80c"
"331","2.43323","48.5711","Mennecy","d57f4a8c4e19d1a9"
"332","2.23873","48.81924","Meudon sur Seine","37481d1a09b063de"
"333","2.24116","48.80795","Meudon Val Fleury","d3c3230d8be8b2a7"
"334","2.26424","48.84797","Michel Ange Auteuil","2e368d349fb33ed0"
"335","2.2617","48.84518","Michel Ange Molitor","8abe1232b9ab1737"
"336","2.40217","48.83721","Michel Bizot","d0ff66eb9f0704d7"
"337","2.27256","48.84715","Mirabeau","e80edcfba8d2c6d0"
"338","2.3141","48.87379","Miromesnil","374568f5254c8200"
"339","2.64217","48.97574","Mitry Claye","ec9c0e43872e5552"
"340","2.30904","48.88041","Monceau","efb2501939fe5136"
"341","2.38988","48.84443","Montgallet","d186c9a5ae79e578"
"342","2.46249","48.70818","Montgeron Crosne","5fc08c47ed8245d4"
"343","2.19801","49.00731","Montigny Beauchamp","b0f4898699348546"
"344","2.32305","48.84347","Montparnasse Bienvenue","3155be119218ed7a"
"345","2.33449","48.82133","Montsouris","a3a32a22ae38369e"
"346","2.47339","48.58695","Moulin Galant","81405d9dc614d1d7"
"347","2.33057","48.83215","Mouton Duvernet","7bf17109c9b3194c"
"348","2.2253","48.82874","Musee de Sevres","fcc05734d94883ec"
"349","2.32567","48.86079","Musee d'Orsay","0955d1ffae6eefd3"
"350","2.22246","48.89477","Nanterre Prefecture","684c95487a1f184c"
"351","2.2152","48.90152","Nanterre Univerisite","d350c9129d151a29"
"352","2.19594","48.8952","Nanterre Ville","11ddc5f73d4d6409"
"353","2.39581","48.84877","Nation","7a71eba5cab8e4f1"
"354","2.36261","48.83321","Nationale","2322dcd60970b145"
"355","2.5139","48.85327","Neuilly Plaisance","3589efd28212428f"
"356","2.2843","48.87784","Neuilly Porte Maillot","96ed68a7ec4ff056"
"357","2.07843","49.01432","Neuville Universite","4a6dc3ad630791d8"
"358","2.49437","48.83861","Nogent Le Perreux","590cf423057867ec"
"359","2.47192","48.83532","Nogent sur Marne","81490955e8b7ce85"
"360","2.61662","48.8435","Noisiel","aeb5734426f1488b"
"361","2.57803","48.84265","Noisy Champs","e1791f85590e6840"
"362","2.54818","48.84077","Noisy le Grand Mont d'Est","be9af82fe0cd39ee"
"363","2.45992","48.89668","Noisy le Sec","f0e6659d35eb551a"
"364","2.33962","48.87673","Notre Dame de Lorette","55811ee2b6a9ba7d"
"365","2.3286","48.84521","Notre Dame des Champs","eb90b9e67c9e5a54"
"366","2.37058","48.86352","Oberkampf","c4b76920d50e802e"
"367","2.33882","48.8524","Odeon","d826be754a24054b"
"368","2.36743","48.8272","Olympiades","d0726a8da4835f24"
"369","2.33234","48.87066","Opera","a956e985535b8d57"
"370","2.40757","48.63631","Orangis Bois de l'Epine","e462b42d8f536cae"
"371","2.40296","48.74184","Orly Ville","8dd0023c82154ea7"
"372","2.45939","49.18715","Orry la Ville","937c012c2f99fe14"
"373","2.18221","48.69772","Orsay la Ville","aa0c923976774de6"
"374","2.38574","48.88689","Ourcq","2346a0306f6be97b"
"375","2.69036","48.77072","Ozoir la Ferriere","1b508f25f49730d5"
"376","2.33603","48.86293","Palais Royal Musee du Louvre","2c4911cdaf2ef2eb"
"377","2.24665","48.71783","Palaiseau","3d8005b6e3da0c8e"
"378","2.2372","48.70769","Palaiseau Villebon","22ba5943c06d7154"
"379","2.39976","48.8981","Pantin","05ea7e6c418e061e"
"380","2.31022","48.77062","Parc de Sceaux","e976a04ee6173625"
"381","2.51459","48.97376","Parc des Expositions","1856249e8898c960"
"382","2.22181","48.84294","Parc de St Cloud","109d69383cad9f80"
"383","2.28579","48.85753","Passy","301b3e72d166c8c2"
"384","2.31267","48.84301","Pasteur","93f97c80a86a1bcb"
"385","2.40175","48.86869","Pelleport","e63ca513e4f7bec7"
"386","2.29732","48.88494","Pereire","db83b7e4fb816bb9"
"387","2.3874","48.86296","Pere Lachaise","00b0a345d0b88441"
"388","2.31805","48.83395","Permety","f281c16e4f43d9cb"
"389","2.29773","48.88577","Pereire Levallois","60dc54242101b7d7"
"390","2.14678","48.7711","Petit Jouy Les Loges","a782bd789204249c"
"391","2.46532","48.90039","Petit Noisy","86502177c7acae5a"
"392","2.33341","48.67625","Petit Vaux","452589482843f90e"
"393","2.38972","48.85845","Philippe Auguste","ae9b45d22d81d637"
"394","2.4022","48.84501","Picpus","82d8b335ca0fafc6"
"395","2.37739","48.81589","Pierre Curie","2e41b0d92fc10e5e"
"396","2.37236","48.96388","Pierrefitte Stains","ade04a9f50bebb9f"
"397","2.15421","49.01928","Pierrelaye","29c7ab3926941893"
"398","2.33757","48.88229","Pigalle","33eeb11881b83b46"
"399","2.32736","48.88357","Place de Clichy","ee08a35b24827df7"
"400","2.39268","48.87683","Place des Fetes","e763d53d70a25efd"
"401","2.35568","48.8315","Place d'Italie","bc5ab6534297ba9e"
"402","2.35241","48.84352","Place Monge","b74024d80b5d8c8e"
"403","2.31402","48.83174","Plaisance","48feada93ab6324e"
"404","2.464811","48.768786","Pointe du Lac","86ed55ae6fb21df0"
"405","2.34938","48.87741","Poissonniere","6798a682a7cd98d3"
"406","2.04032","48.93307","Poissy","5cbb943bccdd5f6e"
"407","2.47009","48.90518","Pont de Bondy","5b32ecc079e6f715"
"408","2.27082","48.8384","Pont de Garigliano","c9a02d02ee49c032"
"409","2.30099","48.86252","Pont de l'Alma","3f706c8cbef2c833"
"410","2.28104","48.89713","Pont de Levallois Becon","1f755feb9dc1e1dd"
"411","2.25847","48.88541","Pont de Neuilly","3f8eef2b8f6c3856"
"412","2.37281","48.74815","Pont de Rungis Aeroport d'Orly","7630762748decc4e"
"413","2.23095","48.82984","Pont de Sevres","0d49d01c406a847b"
"414","2.35722","48.85365","Pont Marie","30b24801ed26772d"
"415","2.34206","48.8585","Pont Neuf","a0165abf3d9a8d9e"
"416","2.09599","49.04672","Pontoise","90015214e323c79b"
"417","2.1539","48.79664","Porchefontaine","5e6e4e2b3df3bbf3"
"418","2.27522","48.87166","Porte Dauphine","d26b0381dd52781c"
"419","2.25771","48.84828","porte d'Auteuil","150166bbd22cd526"
"420","2.40882","48.86452","Porte de Bagnolet","2086e1d944ad2b32"
"421","2.29248","48.88579","Porte de Champerret","032ad5967f524ba2"
"422","2.4004","48.83281","Porte de Charenton","5b07371381f04617"
"423","2.36454","48.82001","Porte de Choisy","6fedaba97f666749"
"424","2.31227","48.89253","Porte de Clichy","e61f9e3b70c73f0a"
"425","2.34495","48.89735","Porte de Clignancourt","47309c0b405c966e"
"426","2.3593","48.89738","Porte de la Chapelle","1840325267423af0"
"427","2.38586","48.8971","Porte de la Vilette","bbe105e8a54a15fd"
"428","2.4105","48.85356","Porte de Montreuil","386f8ade688d4669"
"429","2.39626","48.88974","Porte de Pantin","18d1442e3bdff9b5"
"430","2.40641","48.87725","Porte des Lilas","9f21aef87bda7449"
"431","2.25695","48.8381","Porte de St Cloud","79b8daea76885e71"
"432","2.32891","48.89751","Porte de St Ouen","7deebdf4d5e5c0e0"
"433","2.30536","48.82773","Porte de Vanves","8d9f027bdf9e4a8a"
"434","2.28775","48.83232","Porte de Versailles","8dd8932309e11467"
"435","2.41099","48.84706","Porte de Vincennes","302464e47d60daa4"
"436","2.35947","48.81911","Porte d'Italie","a19973a9e8fb3e91"
"437","2.36918","48.82157","Porte d'Ivry","116123f035a995a2"
"438","2.40593","48.83538","Porte Doree","409127d4bd32c259"
"439","2.32558","48.82316","Porte d'Orleans","70a0596589ad86de"
"440","2.28191","48.87796","Porte Maillot","f3302df6bdec8075"
"441","2.33693","48.83988","Port Royal","db6d2f3ad7315ddd"
"442","2.34926","48.82076","Poterne des Peupliers","3d7985d0e13bdf09"
"443","2.39874","48.88024","Pre St Gervais","09839d9b7b5ba8c7"
"444","2.23434","48.88409","Puteaux","bd52914f5fc25813"
"445","2.33392","48.86648","Pyramides","491beaceeacf0bda"
"446","2.38526","48.87392","Pyrenees","a75d7e26afa1fb25"
"447","2.37306","48.83725","Quai de la Gare","0f639ff4abfc25d4"
"448","2.36587","48.84655","Quai de la Rapee","dd8773efb70aab0e"
"449","2.33646","48.86966","Quatre Septembre","b24fe59fc2d57efa"
"450","2.3534","48.86124","Rambuteau","e1e13931c46ecb61"
"451","2.26962","48.85504","Ranelagh","8e5a8e56a9d01a40"
"452","2.33072","48.83904","Raspail","5e392fa6b64af77b"
"453","2.35239","48.86628","Reaumur Sebastopol","15671b8fc9521521"
"454","2.32804","48.84847","Rennes","5f12cfc16406d156"
"455","2.36409","48.86735","Republique","88c16c7744eb518b"
"456","2.38657","48.84732","Reuilly Diderot","4c35dc672a355637"
"457","2.38658","48.84733","Reullly Diderot","44f33ca6f4a5aa6a"
"458","2.37207","48.86026","Richard Lenoir","345253cde0904355"
"459","2.33968","48.87213","Richelieu Drouot","1228eb66d29985af"
"460","2.37416","48.88838","Riquet","309395d9cadec273"
"461","2.41448","48.65931","Ris Orangis","3a15b21576a229d8"
"462","2.42346","48.85579","Robespierre","077cbd800abf52cd"
"463","2.28107","48.78003","Robinson","668162d573b358f0"
"464","2.64959","48.7959","Roissy en Brie","0b14dda3ec18fc80"
"465","2.32028","48.88213","Rome","1f49f770adc6c846"
"466","2.48098","48.88255","Rosny Bois Perrier","38071b02317137a2"
"467","2.48591","48.8707","Rosny sous Bois","69b445533afb2058"
"468","2.27823","48.86415","Rue de la Pompe","8ea030145eadb8df"
"469","2.38903","48.85255","Rue des Boulets","ceaa0d727406fcdc"
"470","2.32555","48.85595","Rue du Bac","e726f387d6cd1cb0"
"471","2.17092","48.88704","Rueil Malmaison","efca3be50cf645b4"
"472","2.37945","48.86436","Rue Saint Maur","fbd3b8a72d804186"
"473","2.35248","48.74036","Rungis la Fraternelle","97401be0e6acb71e"
"474","2.37421","48.8613","Saint Amboise","3a439b9164a8b751"
"475","2.32147","48.87468","Saint Augustin","69f93141905be8c1"
"476","2.07233","48.79869","Saint Cyr","e4748cf983f32c6f"
"477","2.35592","48.92992","Saint Denis Porte de Paris","add7c2e239d754db"
"478","2.36261","48.94609","Saint Denis Universite","e96fd4c8328ebb0e"
"479","2.32693","48.84702","Sainte Placide","dc0d6b573cb20e91"
"480","2.40465","48.87198","Saint Fargeau","284f140bad6c7166"
"481","2.33737","48.87852","Saint Georges","4871a72aa4f4a354"
"482","2.28562","48.96359","Saint Gratien","d46baa08638ed4c5"
"483","2.33708","48.83293","Saint Jacques","9eac2ac36ec8af25"
"484","2.32374","48.87594","Saint Lazare","594bb037e4532001"
"485","2.41902","48.846","Saint Mande","4f85da931b790e78"
"486","2.3614","48.83946","Saint Marcel","510c609342632960"
"487","2.34392","48.85368","Saint Michel","1d88b662ff255669"
"488","2.31992","48.90977","Saint Ouen","0d0234c099020695"
"489","2.30999","48.87228","Saint Philippe du Roule","e2c47fc7762c6f65"
"490","2.36722","48.86109","Saint Sebastien Froissart","163fae8a99c75b1a"
"491","2.15731","48.93744","Sartrouville","b3ca3d38da265713"
"492","2.58333","48.59693","Savigny le Temple Nandy","381e82bd87006736"
"493","2.35235","48.67642","Savigny sur Orge","3d4041a80bf8b86f"
"494","2.29728","48.78142","Sceaux","bce634dad9c503ee"
"495","2.30689","48.84749","Segur","b3bf9d225aef1a73"
"496","2.34639","48.86759","Sentier","d3abd48ac429986d"
"497","2.07415","48.53826","Sermaise","7a0b07fce97dfa14"
"498","2.52437","48.94743","Sevran Beaudottes","8c127f0dbfbda2ee"
"499","2.53469","48.93612","Sevran Livry","470cbf04ead6cdde"
"500","2.32652","48.85132","Sevres Babylone","6e43a95bd33102da"
"501","2.30946","48.84565","Sevres Lecourbe","bcd65bbb3d557803"
"502","2.34819","48.8934","Simplon","7b71d185f8ed5b81"
"503","2.32325","48.85832","Solferino","d0bd9c240e6ab7a2"
"504","2.34477","48.8195","Stade Charlety","7d78f2771fe53a3d"
"505","2.35107","48.91793","Stade de France St Denis","8bc8731e6adf1332"
"506","2.40229","48.92454","Stade Geo Andre","fa95abdd1db6841d"
"507","2.36916","48.88464","Stalingrad","6f8bdc6d5769b559"
"508","2.12264","48.55041","St Cheron","cf8e4ccc098133cb"
"509","2.3454","48.93443","St Denis","66a871cc293ecfed"
"510","2.31427","48.85167","St Francois Xavier","7db12435e8eac831"
"511","2.31307","48.653","St Genevieve des Bois","7923ceb04a0aa25c"
"512","2.33326","48.85392","St Germain des Pres","24c3714413b3d564"
"513","2.09508","48.89827","St Germain en Laye","c40a9a07a94c98a7"
"514","2.14519","48.42769","St Martin d'Etampes","4be39c93dd867cdd"
"515","2.47206","48.80644","St Maur Creteil","b24efaba3740663a"
"516","2.34591","48.85345","St Michel Notre Dame","6a9ab276d4799038"
"517","2.30656","48.63582","St Michel sur Orge","414dcd6d0059c44f"
"518","2.10546","49.04527","St Ouen l'Aumone","5a0bf54cc68f20e8"
"519","2.1274","49.03475","St Ouen l'Aumone Liesse","c1ff8d1de2806e07"
"520","2.36138","48.85518","St Paul","e7e974e6606e3768"
"521","2.04466","48.78751","St Quentin en Yvelines","7400292d3b99235d"
"522","2.3542","48.8694","Strasbourg St Denis","546e26a138694370"
"523","2.07112","48.70265","St Remy les chevreuse","d050c80c6af901dc"
"524","2.33117","48.85152","St Sulpice","dec75836e17b08f0"
"525","2.50743","48.77105","Sucy Bonneuil","964c8f0c012ba0de"
"526","2.3623","48.85125","Sully Morland","6788901f345ba77e"
"527","2.22135","48.8681","Suresnes Lonchamp","b2a14bfcf190c806"
"528","2.52586","49.09951","Survilliers Fosses","f38fb9e945653f6f"
"529","2.39899","48.87558","Telegraphe","6495bbcbe259cb51"
"530","2.36073","48.86642","Temple","54026e80aeaf3222"
"531","2.2982","48.87807","Termes","78706daa2928a702"
"532","2.35022","48.93757","Theatre Gerard philippe","f33b1b6da40b116c"
"533","2.35703","48.82612","Tolbiac","c6c9f959f707d9d8"
"534","2.65485","48.8396","Torcy","96b05d90744ff870"
"535","2.75997","48.7391","Tournan","6e25d05372519809"
"536","2.33319","48.87635","Trinite d4estienne d'Orves","eddce3121a8b6b5c"
"537","2.2872","48.8629","Trocadero","5125dde771c8e54a"
"538","2.32836","48.86498","Tuileries","5d8ee81b22652d38"
"539","2.48913","48.85431","Val de Fontenay","5bc036fe354286d2"
"540","2.7743","48.85596","Val d'Europe","8254c954870695d7"
"541","2.32156","48.84899","Vaneau","07edc7be564ff9cf"
"542","2.31493","48.85623","Varenne","8a3b139059ea0f0f"
"543","2.19259","48.75903","Vauboyen","8a3f6a4d259483e5"
"544","2.30149","48.83964","Vaugirard","a727eebc6a570539"
"545","2.32893","48.84224","Vavin","495212c2a5433ff9"
"546","2.13615","48.79535","Versailles Chantiers","e86be8a6a3fcee46"
"547","2.12908","48.80021","Versailles Rive Gauche","134d7f92091e9395"
"548","2.56676","48.94424","Vert Galant","ed1e96052d87aa7a"
"549","2.28526","48.86991","Victor Hugo","fca2542155e4fd20"
"550","2.41441","48.70847","Vigneux sur Seine","55872d88276d53ec"
"551","2.36379","48.80464","Villejuif Leo Lagrange","ce8f037276249dd5"
"552","2.36711","48.78705","Villejuif Louis Aragon","8e4d5adb4979bee1"
"553","2.36809","48.79652","Villejuif Paul Vaillant Couturier","9e2b7bb1ee1ee38f"
"554","2.42635","48.73986","Villeneuve le Roi","4492cac02a20d208"
"555","2.4345","48.76636","Villeneuve Pairie","8f85433321851b3d"
"556","2.44626","48.72888","Villeneuve St Georges","c97551b7732348e8"
"557","2.4381","48.74536","Villeneuve Triage","5bc883344ac5fd71"
"558","2.60218","48.95296","Villeparisis Mitry le Neuf","ecc4235c10f514f6"
"559","2.51238","48.96315","Villepinte","6eae080d2f6b607e"
"560","2.31582","48.88145","Villiers","52d467263bc96566"
"561","2.41664","48.99397","Villiers le Bel Gonesse Amouville","8b331fd864dfd978"
"562","2.54174","48.82297","Villiers sur Marne le Plessis Trevise","b68dd47ffefab149"
"563","2.43354","48.84732","Vincennes","b4a8eec8488d3bac"
"564","2.17135","48.80067","Viroflay Rive Gauche","052504094df63730"
"565","2.38664","48.67626","Viry Chatillon","f4b13acdfa2976e4"
"566","2.40266","48.80085","Vitry sur Seine","f89c25c3d842e8a3"
"567","2.30813","48.8416","Volontaires","5df179f1215d02fc"
"568","2.38034","48.85798","Voltaire","84f2b1512b23f15e"
"569","2.30367","48.88428","Wagram","f87c256fb57063e7"
"570","2.48366","48.70654","Yerres","47cf84d39126475b"
"571","2.32827","48.95828","Epinay Villetaneuse","58b4c27c3366f00f"
"572","2.337936","48.975743","Deuil Montmagny","6478e5588aa78e7c"
"573","2.353718","48.984485","Groslay","765e27ed0c5812e8"
"574","2.368653","48.995721","Sarcelles Saint-Brice","b2fbb04955d6497d"
"575","2.36298","49.0227","Ecouen Ezanville","f06b3e88af4cd1c5"
"576","2.33753","49.032738","Domont","a2d8104fa98518f7"
"577","2.322802","49.045276","Bouffemont Moisselles","cb6a72541ff0d223"
"578","2.322854","49.066209","Montsoult Maffliers","192340813c868966"
"579","2.350966","49.079542","Villaines","095555744dfea3c6"
"580","2.360857","49.09778","Belloy Saint-Martin","ef374f0e9de5bdc9"
"581","2.368421","49.11682","Viarmes","d938ffe1855acded"
"582","2.398838","49.119","Seugy","86144886ac5dcb29"
"583","2.420477","49.117263","Luzarches","675f855b4f9197b9"
"584","2.287794","49.113492","Presles Courcelles","7c5797d76e1bd5be"
"585","2.280515","49.132543","Nointel Mours","607b36ad97a95b30"
"586","2.316441","48.966415","La Barre Ormesson","a0eed1fca4aa9a0f"
"587","2.30675","48.97294","Enghien les Bains","97d5d3868879b705"
"588","2.29158","48.979662","Champ de courses d'Enghien","f028699d24f8764b"
"589","2.26344","48.98978","Ermont Halte","d23e2ed1ccce6d55"
"590","2.258864","48.99709","Gros Noyer Saint Prix","8365bdf4288c1f16"
"591","2.242471","49.015565","Saint Leu la Foret","ca70018379650e8b"
"592","2.230438","49.021274","Vaucelles","22ddc3d504ee82c5"
"593","2.221415","49.02538","Taverny","77a7eb4fe6ec9593"
"594","2.209752","49.03576","Bessancourt","13da74ee91ab4c92"
"595","2.196953","49.046527","Frepillon","478f4a2938417dcc"
"596","2.190827","49.057539","Mery sur Oise","d930d277374dfd42"
"597","2.205525","49.077846","Meriel","ef11860bd29d8265"
"598","2.202061","49.091652","Valmondois","fe297589677651a3"
"599","2.209859","49.114419","L'Isle Adam Parmain","2eb621e17cbd97b8"
"600","2.242185","49.135798","Champagne sur Oise","e78a9fba38797afe"
"601","2.279254","49.148291","Persan Beaumont","005afb6b73adf479"
"602","2.122222","49.054518","Epluches","5e427b0e30cc3d60"
"603","2.130561","49.06037","Pont Petit","fc9fe06846df1f1f"
"604","2.141785","49.069349","Chaponval","81ef934f66f8b678"
"605","2.175323","49.070508","Auvers sur Oise","21a02122ebe125ca"
"606","2.326231","49.155241","Bruyeres sur Oise","25474177fac24dbf"
"607","2.362595","49.166983","Boran sur Oise","298094373a6d54ab"
"608","2.376789","49.203427","Precy sur Oise","ab57af6cc2905c1d"
"609","2.418005","49.214245","Saint Leu d'Esserent","73d8f14b7eda83b3"
"610","2.4692","49.2638","Creil","8e461b5233cb0efe"
"611","2.515381","48.930835","Rougemont - Chanteloup","85563a600a62a3ea"
"612","2.519049","48.926726","Freinville - Sevran","d9cde26926882439"
"613","2.516808","48.922265","L'Abbaye","2b13c679a23fd16b"
"614","2.515085","48.916","Lycee Henri Sellier","3ae50fce975730a0"
"615","2.51707","48.908307","Gargan","accbc60c1571349a"
"616","2.512038","48.902764","Les Pavillons-sous-Bois","4ef446613c77d1f3"
"617","2.506521","48.897301","Allee de la Tour - Rendez-Vous","932eb465d11fb5b3"
"618","2.499212","48.892481","Les Coquetiers","d890fd19f49d79be"
"619","2.488251","48.893039","Remise a Jorelle","9115a6fb7734dd94"
